filename,age,gender,race
00055.png,29,Woman,asian
00237.png,42,Woman,latino hispanic
00240.png,29,Man,white
00241.png,31,Man,asian
00242.png,21,Man,white
00243.png,28,Woman,white
00244.png,34,Woman,asian
00245.png,23,Man,asian
00246.png,36,Woman,white
00247.png,29,Man,white
00248.png,34,Man,latino hispanic
00249.png,33,Woman,white
00253.png,34,Woman,asian
00255.png,33,Man,white
00257.png,40,Man,white
00258.png,40,Man,white
00259.png,32,Man,white
00260.png,32,Woman,middle eastern
00261.png,32,Woman,white
00262.png,35,Man,asian
00263.png,22,Man,white
00264.png,45,Man,white
00265.png,42,Man,black
00266.png,30,Woman,white
00267.png,25,Man,middle eastern
00268.png,25,Man,white
00269.png,28,Man,latino hispanic
00270.png,25,Man,middle eastern
00271.png,29,Man,latino hispanic
00272.png,33,Man,white
00273.png,36,Man,white
00274.png,47,Man,latino hispanic
00275.png,31,Woman,asian
00276.png,35,Man,white
00277.png,26,Man,white
00278.png,25,Man,white
00279.png,30,Man,middle eastern
00280.png,30,Man,white
00281.png,26,Man,white
00282.png,43,Woman,white
00283.png,36,Man,white
00284.png,33,Man,white
00285.png,29,Man,asian
00286.png,22,Man,asian
00287.png,22,Man,white
00288.png,45,Man,white
00289.png,35,Woman,white
00290.png,28,Woman,white
00291.png,NaN,Unknown,Unknown
00292.png,31,Man,asian
00293.png,31,Woman,white
00294.png,NaN,Unknown,Unknown
00295.png,29,Man,latino hispanic
00296.png,34,Man,asian
00297.png,23,Man,white
00298.png,35,Woman,white
00299.png,31,Woman,white
00333.png,46,Man,white
00350.png,27,Woman,white
00351.png,33,Man,black
00352.png,35,Woman,white
00353.png,31,Man,white
00354.png,32,Woman,latino hispanic
00355.png,26,Man,white
00356.png,23,Man,asian
00357.png,28,Man,asian
00358.png,27,Man,black
00359.png,NaN,Unknown,Unknown
00360.png,28,Man,white
00361.png,27,Man,indian
00362.png,NaN,Unknown,Unknown
00363.png,32,Man,white
00364.png,21,Woman,asian
00365.png,26,Woman,white
00366.png,NaN,Unknown,Unknown
00367.png,29,Man,latino hispanic
00368.png,35,Woman,white
00369.png,NaN,Unknown,Unknown
00370.png,33,Man,middle eastern
00371.png,25,Man,asian
00372.png,39,Woman,white
00373.png,31,Woman,white
00374.png,28,Woman,white
00379.png,32,Man,middle eastern
00400.png,30,Woman,latino hispanic
00401.png,47,Man,white
00402.png,28,Man,asian
00403.png,30,Woman,asian
00404.png,33,Man,white
00405.png,29,Woman,asian
00406.png,24,Man,white
00407.png,34,Woman,white
00408.png,29,Man,white
00409.png,27,Man,white
00410.png,33,Woman,white
00411.png,NaN,Unknown,Unknown
00412.png,27,Man,white
00413.png,36,Man,latino hispanic
00414.png,29,Man,latino hispanic
00415.png,36,Man,white
00416.png,39,Man,latino hispanic
00417.png,32,Woman,asian
00418.png,31,Man,black
00419.png,32,Man,white
00420.png,30,Man,white
00421.png,31,Man,asian
00422.png,29,Man,white
00423.png,32,Man,white
00424.png,23,Man,white
00450.png,NaN,Unknown,Unknown
